1.408158,-0.878353,-1.396597,-0.167357,1.364370,1.428378,1.387244,-0.276943,1.069566,-0.932860,1.342031,1.303232,1.368320,-0.367324,-1.218330,1.302326,0.551228,1.347154,1.372804,-0.683634,-0.816905,1.186890,-0.693466,-0.615859,-0.571509,1.538675,-1.407265,-0.311968,-0.689117,-2.206674,1.183749,-0.655742,1.091539,1.630840,-1.497122,1.428690,0.790492,0.281010,0.797052,1.305638,2.073882,-0.994349,-0.598170,-0.937583,-0.655946,0.349842,-0.351774,-0.375228,-0.891007,1.365340,-1.488259,-0.110318,0.327633,0.830248,1.611862,-0.734731,-0.849165,1.301779,0.357450,-0.014737,1.591041,0.328761,-1.236331,0.395967,-0.484125,0.480537,-1.559154,1.000035,-0.842908,1.087712,0.560100,-0.493338,0.676577,-0.960041,-0.991453,0.332608,-0.691896,0.723655,-0.170492,-0.689364,-0.467285,-0.194731,0.536372,-0.502150,0.499249,-1.641738,0.812002,0.147978,-0.778736,-1.118484,0.826782,0.452816,0.491120,0.657929,0.401352,-0.654133,0.674709,0.285389,0.554446,-0.026791,-0.946824,0.760844,-0.275769,-0.696718,-1.321308,-1.073927,1.232068,2.777314,2.649541,0.516760,-0.948643,-0.865962,0.809772,0.245491,0.101767,0.865351,-0.389813,-0.569187,-0.627123,0.022029,-0.504012,-0.512365,0.127591,0.041660,1.601103,-0.756543,-1.030526,-0.781542,0.720962,-0.301733,-0.870783,-1.061092,2.279775,0.149065,-0.569778,0.506556,1.027150,-1.174200,-0.889870,-0.130042,0.613485,0.995291,-1.715591,0.769506,-0.265976,-1.043704,-0.230619,0.514775,0.226241,0.393701,-0.218942,0.665057,-1.634017,0.635930,-1.041131,-1.100827,-0.883701,0.687712,-0.600507,-0.105061,-0.364074,-0.054002,1.397467,1.514582,1.046335,-1.816030,-0.761722,1.695498,0.363991,0.405609,-0.756475,1.097945,1.224737,0.503629,-1.748268,-0.646523,-0.744753,-0.357453,-0.144873,0.376351,1.124858,-0.016943,0.735872,-0.223515,0.316808,2.133203,-0.125152,-0.882570,0.874478,0.671591,-0.819539,-0.640487,-0.569362,-1.321564,0.502209,0.246691,0.149080,1.472453,0.629188,1.364876
-0.637043,0.120045,0.719367,0.399598,-0.528704,-0.643732,-0.801278,0.734430,-1.088114,0.210031,-0.699158,-0.792283,-0.790360,0.818999,-1.218330,-0.802881,-1.664483,-0.655652,-1.077000,-0.683634,0.542693,0.534629,1.486991,-0.615859,0.664731,-0.750049,-1.407265,0.425378,1.080448,-2.206674,-0.067422,-0.699548,-1.173473,1.341867,-0.483558,-0.720825,-1.109247,1.057590,0.141525,-1.182668,-0.674503,1.688062,2.988771,-0.716148,0.667478,0.946487,-0.351774,-0.752393,-0.463075,-0.515458,1.337150,-0.299481,0.782861,0.611709,-0.738493,-0.375794,0.083438,-0.075939,-1.518758,0.497784,-0.727400,0.401227,-1.236331,1.545550,-0.484125,-0.291435,0.678845,0.615835,-0.842908,0.459893,-0.296450,-0.625847,-1.519042,-1.352655,0.841077,0.470517,1.102092,-2.656950,0.654579,0.787000,1.335426,0.884386,-2.108217,0.926785,0.750060,-0.070528,0.159487,0.205228,0.683752,-0.595794,-0.133405,0.482096,0.296616,0.520399,0.055320,-0.530649,-0.086877,-1.392545,-1.634086,-0.722338,0.076506,0.680377,1.170236,1.551740,0.673483,-1.073927,-0.575619,0.973511,-0.745574,0.109413,0.610268,-0.632077,0.344977,0.398507,-0.078945,0.568612,-0.389813,-0.569187,0.177119,1.026207,-0.504012,-0.512365,0.405745,-0.515346,0.105539,-0.405686,-1.086754,-0.658903,-0.282032,-0.137413,1.366849,-1.076344,-0.091014,-0.348446,-0.207232,0.329968,-0.096416,0.674238,-0.889870,1.129480,0.531433,-0.658800,-0.321551,1.176252,-0.973336,1.010949,-0.596972,-0.672923,0.887692,-0.168116,0.061748,-0.108257,-0.622632,0.567771,-1.041131,1.363483,-1.649884,-1.935539,-0.600507,-0.068779,1.828115,-0.734910,-0.546627,-1.390956,-0.995595,0.684014,1.656747,-0.785863,-0.940491,0.366857,0.422267,-1.823845,0.965661,0.480063,-0.196742,-0.860289,-1.026919,0.747916,-0.607722,0.545797,-2.015139,-0.051405,-1.660737,0.637239,-0.268348,-1.377028,0.258101,-0.396617,-0.270152,-0.304620,-0.819539,-0.826381,-0.569362,-1.321564,-2.036430,0.324754,-2.609598,-1.712089,0.662954,-1.142407
-0.794745,0.468780,0.629835,0.794480,-0.681619,-0.774113,-0.673526,-1.378060,1.476574,1.333761,-0.699158,-0.704170,-0.685889,-1.452994,1.474840,-0.636972,0.270038,-0.659769,-0.512116,-0.683634,0.115519,0.526253,2.095035,-0.615859,-1.159073,-0.734194,0.250138,-2.618683,-0.689117,0.080997,0.761427,1.227352,0.506245,1.971820,0.586869,-0.720825,0.000600,0.136727,0.422422,-1.346597,1.631187,-0.206611,-1.285389,1.279692,0.334871,-2.564712,-0.351774,2.317671,-0.467600,-0.626369,-0.463515,-0.735724,0.682349,0.718826,0.842850,1.227924,0.681395,0.280524,-1.518758,-2.514542,-0.727400,0.077881,1.455320,1.106895,-0.484125,0.001427,0.007434,-0.053702,1.419364,-0.179545,-1.038317,-0.506153,0.778082,1.121301,-0.351015,0.549875,0.770930,0.109539,1.567219,-0.689364,1.864348,2.228159,0.402389,-0.502150,0.792053,0.335417,2.359949,0.079279,-0.778736,1.168148,-0.686663,1.134416,-0.093909,0.897749,-2.231670,1.457347,0.867262,-0.412086,-1.264965,1.688124,-0.172864,-0.159615,0.801253,1.737557,-2.004417,1.451352,-0.931672,2.660975,0.421128,0.001731,1.877128,1.114840,-0.690253,-3.465149,1.062805,-0.929029,1.989471,-0.569187,-0.104118,1.442901,-0.504012,0.399564,0.225931,-0.515346,0.672398,1.269627,-1.266320,2.567635,0.927251,-0.275478,-0.870783,1.020834,-0.213861,0.873365,-0.124938,0.552377,0.553166,-0.472701,-0.889870,-0.662704,0.421978,-0.658800,1.628755,-0.013317,-0.316228,-1.043704,0.514650,0.002179,-1.082410,-0.604503,0.226665,0.319455,-0.719686,0.428567,-1.041131,0.106616,0.615891,-0.554499,-0.600507,0.063384,-0.485366,1.096472,1.573703,0.419187,1.035614,-0.911722,-0.761722,0.939849,-1.467476,-1.545215,0.871352,-1.166615,1.750895,-2.090641,-0.419906,0.988878,0.838575,-0.250685,3.539223,-1.899937,-1.175700,0.535184,-0.886487,0.138585,0.834152,-0.600316,2.352437,0.446256,1.346363,-1.131083,2.673103,0.440135,1.903440,1.018281,-0.979810,-2.205333,0.400899,0.156501,-1.452235,1.839437
1.365903,0.108936,-1.385793,0.225807,1.396971,1.394176,1.368915,0.263714,-0.565496,0.995104,-0.699158,1.251865,1.367674,0.189364,0.289211,1.348197,0.538747,1.321612,1.412895,-0.683634,0.644401,-0.503378,-0.693466,-0.615859,0.085931,1.381521,-1.407265,0.462163,-0.689117,0.517858,-0.597929,-1.150649,-0.758224,-0.516738,1.642927,1.320107,-1.109247,0.823478,0.163427,0.682330,0.668099,1.404824,-1.306114,-0.533965,0.978134,0.786454,-0.351774,-1.202764,-0.891007,1.408137,0.119864,1.373450,0.537321,-1.173539,-0.995104,-0.600759,0.168402,-1.544596,0.250143,0.646078,1.606639,-1.878545,-1.236331,-0.595204,-0.484125,0.223017,0.330792,-1.216558,-0.842908,0.308189,-0.859473,-0.008655,-1.519042,0.874842,0.792419,-0.268782,0.670879,0.583896,-1.989382,1.777001,-2.196175,-0.607372,0.577103,-0.502150,-0.678325,-0.067428,-0.007845,0.780116,1.870529,-0.363623,-0.229934,1.433153,0.337923,0.509318,0.202371,1.438525,-0.851220,0.700614,1.165502,-1.621817,-0.946824,0.009529,0.867071,-2.013732,-0.646896,-1.073927,1.320894,0.019570,0.011107,-0.370702,-0.381635,-0.645524,-0.341053,0.088598,-0.944817,0.239875,-0.389813,-0.569187,0.937692,0.208813,-0.504012,-0.512365,0.339172,-0.515346,0.382956,-1.256635,0.460354,-1.108154,-0.515502,1.293498,-0.870783,-1.039044,-0.055911,-1.097815,1.147484,0.653276,-0.369550,-0.777868,-0.889870,1.232890,0.275789,1.011903,-0.206571,-0.441976,-0.464433,-1.043704,-0.544159,0.933446,0.492062,0.418018,-0.891257,1.036475,-1.242099,-1.883903,1.061870,1.483984,-0.210685,-1.228750,-0.600507,1.093446,-0.330701,-0.881927,-0.248061,-0.375924,1.118560,0.741406,1.354011,-1.038613,0.685810,0.977548,0.018074,0.959215,-0.933451,-0.024688,0.703161,-0.643133,-0.340554,-1.998806,-1.131622,-0.324935,0.757261,-0.473462,0.822253,0.972788,0.624389,-0.217911,-0.997148,1.031996,-1.273277,-1.103756,-0.819539,-0.771237,-0.569362,-1.321564,1.070877,0.337881,0.202695,-1.712089,0.680330,-0.677667
-0.746278,-0.878353,0.632479,-0.364212,-0.741563,-0.618497,-0.708081,0.538853,-1.088114,1.507210,-0.699158,-0.976300,-0.891697,0.511403,-1.218330,-0.654680,1.012016,-0.581889,-1.170675,-0.683634,-2.997396,-0.993005,-0.693466,1.369090,0.545680,-0.623232,-0.746375,-0.514877,-0.689117,0.396169,-0.628225,-0.452289,-1.173473,-0.228100,-0.209867,-0.720825,-1.109247,-1.722848,0.199105,-0.076292,0.790190,-0.994349,0.831122,-0.645874,0.941679,0.457057,-0.351774,-0.645068,-0.381683,-0.738018,-1.488259,-0.735724,0.518677,-1.717980,-0.995104,-1.000420,-0.669401,1.195602,0.204316,0.570132,-0.727400,0.293646,0.713968,-0.388294,-0.484125,0.302912,-1.559154,-0.531660,0.816652,0.200794,-1.121638,-0.266500,1.054096,0.356450,0.717205,0.292321,0.856027,0.075320,0.718892,-0.689364,0.918818,2.133262,0.612034,0.926880,-0.680881,0.792108,-0.886568,1.062502,-0.778736,-0.296538,0.043651,-0.758873,-3.393370,-0.881600,-0.370594,1.377988,-0.674970,-0.494404,0.318404,0.501744,-0.946824,-1.273863,0.410482,1.243114,-0.609519,0.821050,-0.640011,-0.238675,-0.539307,-0.206473,1.132456,-0.586972,-1.745348,0.133305,-1.100717,-0.364326,-0.389813,-0.569187,1.119220,-0.876533,0.022052,-0.512365,1.090995,-0.515346,-0.434265,-0.873163,-1.234023,3.493949,0.049853,0.895008,-0.870783,0.704532,-1.107929,0.904905,0.902175,0.640394,-0.557774,-2.147354,-0.889870,-2.319294,-0.047176,-0.658800,-1.724695,0.556723,-1.286478,-1.043704,0.135921,-0.926300,-1.219387,0.671282,-0.508656,1.001381,0.871510,0.535475,-1.041131,1.096116,-3.744937,-0.599443,1.327986,1.131520,-0.565526,0.102479,-0.012918,-0.818955,0.940393,0.449592,-0.761722,-0.123333,-0.610184,0.078543,-1.816545,0.901962,0.696201,-0.537749,-1.765044,-0.874388,0.584126,0.367359,-0.088495,-1.523716,0.208673,-0.964659,0.444072,0.088486,-1.741074,-0.797203,-0.804706,1.271843,-1.058026,0.622308,3.244254,-0.169393,-0.569362,0.452362,0.435972,-1.647806,-0.134158,-1.712089,0.150726,-0.717035
-0.742264,-0.878353,0.734057,0.314378,-0.725577,-0.774113,-0.747012,-0.058890,-1.088114,1.095852,-0.699158,-0.658893,-0.547522,-0.184516,-1.218330,-0.796114,1.180224,-0.657222,-0.597736,-0.683634,0.119427,-1.003434,-0.693466,1.689263,-0.435148,-0.802319,-1.407265,0.337224,1.644067,0.099589,-0.981042,-0.607132,1.052282,-1.395641,0.371062,-0.720825,1.072331,0.088842,0.587637,-1.642711,-0.057846,-0.994349,0.453439,-0.753403,-0.993314,0.782580,-0.351774,-0.790353,1.494780,-0.674635,0.274018,-0.235688,-1.765930,0.761030,-0.739542,-0.636451,0.646889,-1.544596,-1.518758,0.729616,-0.464568,0.388360,0.235659,-0.873254,-0.484125,0.079233,-1.559154,-0.667914,1.231489,0.077251,-1.432473,-0.523524,0.477464,0.408888,1.090358,0.411770,-0.705396,0.560494,-0.711691,-0.689364,-1.148598,-0.917104,0.656714,-0.502150,-0.743401,-0.316912,-0.656478,0.657225,1.881042,-0.640178,-0.371186,-1.582452,-0.277506,-1.369854,0.136006,-0.709909,-0.930665,-0.690886,1.528421,-1.587618,1.328657,-1.239006,0.640120,-1.120387,-0.073334,-1.073927,-0.742102,-0.624113,-1.049033,0.365896,-0.905479,-0.703968,0.046140,0.193291,-1.414350,0.741684,-0.389813,-0.569187,0.985088,0.451801,-0.504012,-0.512365,0.591316,-0.515346,0.330969,-1.019154,-1.457624,0.972424,-0.563630,0.985086,-0.870783,-0.469259,-0.746404,-0.402076,1.051138,0.063356,-1.221769,-1.072791,0.936012,0.994521,-0.506175,-0.658800,-0.119037,-0.139765,-0.736223,0.807861,-0.311745,0.575335,-0.354081,0.320817,-0.040585,0.491236,-0.386894,0.082653,0.961427,-0.223788,-0.659924,-0.550969,1.567879,1.050004,-0.569581,-0.737570,-1.374251,-0.918593,-0.995595,0.400724,-0.761722,-1.240572,1.533430,-1.545215,0.274555,1.112186,-0.933451,-0.218066,-0.239700,-0.582016,-0.470290,-1.998806,-0.877496,-0.814801,1.264050,-0.140812,1.329503,0.687909,0.793655,-0.382830,-0.710536,0.699913,-0.296710,-0.798019,0.722153,-0.470007,-0.569362,0.692380,1.302904,-0.400571,-0.008248,0.410028,-1.452235,-0.662788
-0.753470,-0.186203,0.738545,0.498434,-0.613268,-0.624121,-0.583374,0.226379,-0.540878,1.205571,1.842184,-0.874562,-0.751670,0.155320,-1.218330,-0.698164,0.233092,-0.453761,-0.826774,-0.683634,0.571464,-1.296176,-0.693466,-0.615859,-0.046498,-0.600567,-1.407265,0.657913,-0.689117,0.649242,-0.832698,-0.933565,0.728186,0.945405,-0.386164,-0.720825,0.968334,0.723716,0.598373,1.002441,-0.538524,-0.994349,-0.777825,-0.538366,2.285119,0.836185,-0.351774,0.936079,0.124454,-0.456500,0.560129,-0.735724,0.388442,-1.627432,-0.995104,-0.580459,-0.366636,1.530661,-1.518758,0.571862,-0.727400,0.576223,0.420058,-0.724688,-0.484125,0.348314,0.638567,-0.372671,1.187132,0.080918,-1.527795,-1.159090,0.769697,-1.114518,-0.075135,0.209808,0.800450,0.265986,1.225809,-0.689364,-0.373742,2.247898,0.773628,-0.502150,-0.965453,0.355288,-0.860486,0.572921,-0.778736,-1.142789,-0.581241,0.683448,0.289560,0.707122,0.565435,1.014229,-0.858571,1.944674,1.640327,1.866321,0.365563,-0.549607,0.339214,-0.264495,-0.698017,-1.073927,-0.870584,-0.582434,-0.449781,-3.309615,1.295111,-0.399049,-0.187283,-0.056679,-0.671789,1.158122,-0.389813,-0.569187,0.898803,1.109294,-0.504012,-0.512365,0.564804,-0.515346,1.705567,-0.424702,-1.181395,0.150353,-1.089004,0.403853,-0.870783,0.197496,-1.086333,-0.549356,0.198381,0.196512,-0.848684,-1.172146,-0.889870,0.754668,-0.577220,-0.658800,-0.238441,0.250575,-1.572462,0.347245,0.541665,1.029189,-1.078072,0.168594,-1.277301,0.716162,-0.405385,0.519071,0.483256,0.861431,1.039254,-1.504856,-0.600507,0.962478,-1.052210,-0.122083,1.796044,-1.639702,-0.995595,0.643088,-0.761722,-0.587996,1.701295,0.597194,0.735318,1.623176,0.488369,-0.149622,0.278128,-0.639282,0.382266,0.707322,-0.355048,-0.560329,1.739468,-1.269351,1.620774,-2.866179,0.554943,-0.279360,-0.946108,0.691306,-1.297608,-0.515165,-0.819539,-0.211416,-0.569362,0.608920,1.749128,-0.258545,-0.007124,-1.712089,-0.176493,-0.090553
-0.686134,2.434134,0.650173,-2.297124,-0.743820,-0.774113,-0.717335,0.609213,-1.088114,-0.932860,-0.699158,-0.775538,-0.585300,0.454015,0.975901,-0.835532,0.729628,-0.506709,-0.331320,1.576429,0.866120,0.401256,-0.693466,1.804866,0.817453,-0.757299,-0.257202,0.465239,-0.689117,0.801292,0.033136,1.556113,0.137504,0.364113,0.663160,-0.720825,0.929695,-1.722848,-0.155089,0.897239,-1.331618,-0.343460,-0.302923,1.595841,-0.909231,0.015301,-0.351774,0.701985,1.908020,-0.725360,0.704745,0.492741,0.805831,0.390093,1.018100,1.371816,-1.026800,-0.631672,0.748369,0.133718,-0.727400,-0.138505,-1.236331,1.377821,-0.484125,0.360873,1.114427,0.291724,-0.842908,0.411528,0.745890,2.499921,0.416531,0.785150,-1.186429,0.522002,0.960986,-0.464371,-1.989382,1.319787,-0.453705,-0.886088,0.431812,-0.502150,0.134663,0.676016,0.333910,-0.689961,-0.778736,1.542918,0.297319,-0.083930,0.894934,0.585948,0.663273,-1.069233,0.034964,1.043142,0.179746,0.482444,1.863901,0.236187,-1.622454,-0.776693,0.308747,1.111851,-0.915416,0.350773,-0.492125,0.147880,-1.512841,1.634477,-1.745348,-0.815188,0.496831,0.128146,2.150277,2.407446,-1.346712,-1.306795,2.046441,-0.512365,-0.877630,-0.515346,-0.119135,1.865336,-1.332759,-0.379543,-0.092418,-1.196515,0.956096,-1.410982,0.283124,0.686149,-0.634782,-0.701925,-0.148342,1.410020,-0.889870,-0.385215,-0.338502,-0.658800,0.995639,-1.634992,1.070213,0.826324,-0.377751,0.159972,0.445862,-1.484531,0.226917,-1.710670,1.165552,0.784967,1.267142,-1.456399,1.223798,0.772668,1.835142,-0.427674,-0.938501,-0.538170,0.357333,0.812074,-0.995595,-0.684872,0.283431,0.902153,0.723250,-1.545215,0.112146,-0.256949,-0.933451,0.174877,1.374851,1.909630,-1.633508,0.652972,-0.447207,0.413820,0.339150,1.019761,0.594143,0.075682,0.211393,0.762894,0.912269,-1.770742,0.846664,1.188500,-0.338992,0.099385,1.829744,-1.321564,-0.101709,0.587659,0.911237,0.024363,1.023319,0.768961
1.398199,-0.244467,-1.505874,0.314078,1.466260,1.481073,1.407409,-0.129356,1.075843,1.114972,-0.699158,1.361135,1.318190,-0.187337,0.363466,1.481249,-0.368311,1.533487,1.467526,-0.683634,0.004537,0.945198,0.978114,-0.615859,-0.557484,1.415482,-1.407265,0.335711,-0.689117,-0.505783,1.089465,-0.853752,-1.173473,-2.168610,1.596678,1.387796,0.918151,-1.722848,0.279506,0.279542,-0.813048,1.209900,-0.237955,-0.868773,-1.056840,0.748567,2.923891,-0.943649,-0.544465,1.220550,-1.488259,0.691336,0.640745,1.094333,-0.995104,-0.639191,-0.098425,0.491499,-1.518758,0.584912,1.624914,-1.878545,0.676727,0.272718,-0.484125,0.356204,0.138127,0.583345,0.751120,0.020490,-1.226582,-0.374553,-1.519042,1.040332,0.748831,-3.584977,0.654528,0.988796,-1.989382,-0.689364,-1.706600,-0.637587,0.491776,-0.502150,0.368858,0.785465,-1.124467,0.640351,-0.778736,-0.502947,0.203959,1.573272,-1.831159,0.213852,-0.723187,1.704631,1.221255,-0.353846,-0.627893,-2.068637,-0.946824,0.243458,1.804090,-1.674611,-0.976417,0.747598,1.564351,-1.085269,-0.127387,-0.198321,-0.965542,-0.708464,1.202278,0.069341,0.321220,0.621198,-0.389813,-0.569187,1.223099,1.017636,-0.504012,1.935912,0.857624,-0.515346,-1.117688,-0.333965,0.425654,-0.484285,1.074293,1.554793,-0.870783,1.656602,-0.363592,-1.040622,1.935444,0.614078,0.743805,-0.303658,1.985587,1.409580,1.106990,1.196098,-0.006689,-1.634992,-1.168238,-1.043704,3.740960,0.271909,1.806153,0.506489,-0.160469,0.463655,0.195952,0.861391,-1.041131,1.180574,-2.152156,-0.955874,-0.134497,1.622636,-0.105663,-0.742483,-1.680390,0.363066,1.121781,-0.194837,-0.761722,-2.453711,-1.272461,1.545120,-0.658585,-0.074214,0.820281,-0.250458,0.394215,-1.136538,1.915202,-0.647485,-0.884622,-2.013430,-0.800819,-1.186929,-0.705960,-2.866179,0.328806,-0.743939,0.102479,0.760730,-0.659952,-0.663906,-0.339383,2.731813,-0.569362,-1.321564,-0.374595,-1.635770,-2.127540,0.891156,-0.213934,-1.688001
-0.646297,-0.878353,0.694639,0.752210,-0.615628,-0.774113,-0.855222,0.048475,1.107096,-0.932860,1.767252,-0.807053,-0.800302,-0.028278,0.419543,-0.690929,-1.664483,-1.049936,-0.449295,1.245746,0.580104,-0.703703,-0.693466,1.651645,-0.270037,-0.681380,-0.585476,0.406399,1.828845,0.586527,-0.765866,-0.595116,-1.173473,0.151614,0.408674,-0.720825,0.329556,0.733641,0.426696,0.829967,-1.331618,-0.526562,-0.576909,-0.903838,0.607980,0.493517,-0.351774,-0.878138,1.733878,-0.506077,-1.488259,1.668377,0.494163,0.611122,-0.995104,-0.347980,-0.306719,-1.544596,0.378602,0.459257,-0.727400,0.656106,-1.236331,-0.426259,-0.484125,0.266102,1.399722,-0.692066,-0.842908,0.269112,0.713808,-1.699648,0.278817,0.466900,-1.818669,0.505861,-1.180351,-0.160314,0.281728,-0.689364,0.345490,1.089540,0.142285,0.687216,-0.783057,1.146556,0.653758,0.030886,0.745078,-0.549387,-0.265304,-0.210299,0.435049,0.544085,0.189938,-0.690742,-0.277434,-0.817676,-0.460605,0.851956,-0.946824,-0.231565,-0.301134,0.488065,1.044878,-1.073927,-0.744239,-0.539622,-0.452510,0.821657,0.939855,-0.615531,0.258868,0.723778,-0.702109,0.906571,-0.389813,-0.569187,-0.166273,0.807166,-0.504012,-0.512365,-0.000484,-0.515346,0.052959,-0.073955,-0.987483,0.502524,-0.819383,-0.016770,0.657284,-1.179385,-0.443492,0.199906,-0.723248,0.008416,-0.488820,1.070361,-0.889870,-0.212332,-0.690786,1.470491,0.026607,-1.634992,0.767951,0.685822,0.971421,0.455911,-1.615309,0.555679,0.189420,-0.274521,0.278390,-1.883903,-1.041131,-0.960472,0.123809,0.669331,1.411419,-0.091672,-0.751625,-0.408714,1.070338,-0.577211,-0.995595,-0.167041,-0.761722,0.469354,0.701400,0.406400,0.212430,-1.156717,-0.933451,1.410597,1.627123,-0.197821,-0.974780,0.880035,0.616521,0.886221,-0.040041,0.056204,-0.058838,-2.866179,0.264598,0.173048,-0.539179,-0.006940,-0.175689,-0.053246,-0.424856,0.678989,-0.569362,0.628553,-0.546460,1.240342,0.773659,-0.092782,0.802085,0.202399
-0.689141,0.914820,0.625451,0.953435,-0.609100,-0.774113,-0.707467,-0.712343,-1.088114,-0.932860,-0.699158,-0.659724,-0.529988,-0.958082,0.935159,-0.699297,-1.664483,-0.803687,-0.641157,-0.683634,0.684306,1.241169,1.703282,-0.341699,-0.665784,-0.788982,1.130043,-1.418362,0.580271,1.181577,1.537154,1.490435,0.206883,1.436171,0.626720,-0.720825,-1.109247,-1.722848,0.785123,0.571767,2.172120,0.831631,-0.497161,1.556034,-0.884981,-1.441601,-0.351774,1.607296,-0.891007,-0.832781,0.006099,-0.735724,0.533983,0.281800,1.384412,1.442755,-0.704861,-1.544596,0.972287,-1.873941,-0.727400,0.751753,1.118322,2.192737,2.465867,0.388918,1.015655,1.348523,-0.842908,0.754866,-0.278764,2.041969,0.667660,0.483636,-0.003630,-0.108294,0.903503,0.240536,0.820639,1.770230,1.437364,0.932225,0.326874,2.873252,1.823524,1.414111,1.911116,-2.716375,-0.778736,1.508025,3.703619,-0.008409,0.943065,1.208098,-1.656392,-1.180204,1.188149,-0.761543,-0.807894,1.053351,0.868206,1.096497,-0.768066,1.275162,0.061286,1.847527,-0.889817,1.600460,1.879718,-0.077318,2.034702,1.378656,-1.745348,-0.866247,1.867051,0.433985,-0.389813,1.846535,-1.823253,0.854741,1.809411,-0.512365,-2.088448,2.638422,0.108290,1.790882,-0.760779,0.612509,1.845612,-2.276168,-0.870783,0.173007,1.693514,1.373786,-1.785301,-0.721986,1.266699,0.698543,1.050617,-0.483808,1.745566,-0.658800,0.917309,-0.137659,1.748024,-0.005297,1.930070,-0.293645,1.934395,-1.067032,0.328857,-1.710670,0.901741,0.034661,0.762045,-0.780449,-0.007757,1.923890,-0.600507,-1.272065,-0.456212,-0.076669,-0.288546,2.201784,1.021607,-1.959055,-0.761722,2.516413,-0.731974,-0.362229,0.569775,-0.526493,-0.933451,-0.633729,-0.038711,1.735574,-0.429021,0.684633,0.997440,0.189811,-0.734430,2.363106,-0.903028,0.717893,-1.741074,2.243948,2.919402,-1.784155,1.581036,2.773859,0.504740,1.910332,1.696110,0.359008,-0.950459,-0.091741,1.510517,0.494827,-1.452235,1.401958
1.401108,0.038611,-1.294447,0.818454,1.307071,1.367503,1.453056,-1.614058,-0.816209,1.287871,-0.699158,1.303295,1.339620,-1.448422,-1.218330,1.429613,0.121376,1.391721,1.600443,-0.683634,0.377255,0.102363,-0.693466,-0.615859,-1.317042,1.521050,0.639909,0.283929,-0.689117,-0.201195,0.056819,1.158956,-1.173473,0.364763,-0.135881,1.257988,0.906417,0.150183,0.296810,0.940371,1.261831,-0.544163,-1.149159,1.217484,-0.884346,0.406694,-0.351774,-0.924206,-0.891007,1.442633,-0.061370,-0.735724,0.701529,0.945086,0.646986,1.337226,-1.085527,-0.464173,0.380532,0.518664,1.559243,-1.878545,0.733379,-0.737286,-0.484125,0.354986,0.454722,-0.309118,0.632927,-2.967362,-1.184948,-0.823220,1.071648,-0.126450,0.636187,-0.417801,0.998432,-2.513046,-1.989382,1.075217,-0.764009,-0.774774,0.438454,-0.502150,-0.673757,0.411990,-0.408761,0.551443,-0.778736,1.131109,0.414206,1.349859,-0.148097,0.357388,0.379631,1.818888,-0.217165,-0.839306,0.636580,-0.811863,-0.946824,0.120791,0.270077,-1.010520,-1.544812,0.754016,1.314014,0.900078,0.797849,-0.352355,-0.762850,0.995735,-1.745348,0.390623,-0.383478,-1.321869,-0.389813,1.226085,0.608163,1.145089,-0.504012,-0.512365,0.174484,1.878416,1.101019,1.059360,0.691156,-0.803816,0.191522,1.197278,-0.870783,-0.543795,0.294520,-1.008283,-0.049364,0.569063,-0.183429,-0.448798,-0.889870,0.250668,-0.246212,-0.658800,1.538961,0.519143,0.316950,1.084516,-0.849955,-0.929338,-0.243062,1.500018,-0.381118,-1.710670,-1.209954,1.178293,1.110665,0.324238,0.238423,-0.421129,-0.600507,0.517583,-0.521755,0.151397,0.126558,0.004366,-0.995595,0.465137,-0.761722,0.317772,0.288888,0.650348,0.137265,0.481648,-0.933451,-1.535596,0.311934,1.090442,-0.853991,-1.998806,-0.624131,-1.654204,0.658034,0.157568,0.595678,0.807531,0.337431,-0.889070,-1.276082,1.203183,-1.062549,-0.404181,-0.819539,-1.090529,1.171145,0.986469,0.691622,-1.260318,0.729040,0.469335,-1.452235,0.614193
-0.671643,-0.878353,0.762164,0.476840,-0.773659,-0.649578,-0.528399,0.723627,-0.707954,0.826770,1.244246,-0.788570,-0.891054,0.770963,-1.218330,-0.684833,1.178813,-0.879227,-0.108751,-0.683634,0.945219,0.838627,0.960695,1.572904,0.800003,-0.757778,1.034193,-0.140695,-0.689117,0.437218,1.243302,-0.409078,1.277632,-0.115578,0.200909,-0.720825,0.886904,0.731756,-0.001545,0.356021,-1.331618,-0.994349,0.176293,-0.797873,-0.862670,0.476725,-0.351774,0.556405,0.044753,-0.715554,-1.488259,0.706994,-1.765930,0.614169,1.487662,-0.651251,0.371486,0.425863,0.624203,0.505661,-0.727400,0.476830,-1.236331,1.105201,-0.484125,-0.070312,0.991592,0.571976,0.951639,0.544445,0.927469,-1.181574,-0.244904,0.839711,0.994692,0.352031,0.101717,0.709966,-0.020709,-0.689364,-0.798645,-0.589310,0.498710,0.720467,0.738935,0.222138,-0.737598,1.046791,-0.778736,-0.795126,1.276466,-0.775761,-0.795190,-0.117145,-0.039464,-0.745045,1.263117,-0.718738,-0.825790,-0.506412,-0.946824,1.503365,0.457581,-0.574919,0.426734,-1.073927,-0.609714,0.603750,0.520140,-2.024182,-1.085972,-0.602026,1.461048,0.277671,0.925766,-2.596826,-0.389813,-0.569187,0.733814,0.800985,-0.504012,1.690173,0.921179,-0.515346,-0.349368,-0.586326,1.414088,-0.216453,0.752026,0.631236,1.198581,1.662139,0.520539,0.911678,-0.195082,0.437685,1.032256,0.769752,0.946225,0.168302,1.507098,1.992866,-0.311288,0.879411,0.608789,-1.043704,-0.149188,-0.013911,1.881689,0.189364,-0.248324,-0.248876,0.500618,-0.019846,-1.041131,0.013039,0.401692,-0.177931,1.420335,0.367913,-0.609397,-0.511853,0.015786,0.619211,0.950027,0.320105,1.235993,-1.111200,-0.762539,0.768984,-1.816545,-0.540510,0.951394,0.536497,-0.332178,-0.797547,1.656806,0.347071,-0.697636,0.359818,-0.878679,-0.382386,-1.092904,0.417443,0.715829,-0.093742,-0.453025,0.483028,-0.383230,0.793956,-0.025379,-0.454704,-0.569362,1.040038,-1.082398,0.177278,-0.657512,-0.403071,0.393348,-0.552740
1.358713,-0.878353,-1.354943,0.142824,1.363482,1.334903,1.370791,0.518566,-1.088114,0.646866,1.746375,1.370597,1.357705,0.522262,0.744212,1.380904,0.392737,1.409310,1.418504,0.838572,-0.079228,1.615974,-0.693466,1.383108,0.551271,1.284023,0.718004,-0.263678,2.096539,0.782526,1.544578,-0.669507,-1.173473,-0.004780,-0.408227,1.314135,-1.109247,0.549828,-0.047731,0.859941,0.040102,-0.582475,1.784379,-0.932803,0.582351,-0.279392,-0.351774,-1.106529,-0.288174,1.356949,0.278101,2.211296,0.701357,0.731698,-0.995104,-1.000420,-0.413035,-1.544596,0.400955,-0.117419,1.410948,0.638568,1.041646,1.618207,-0.484125,0.245907,0.187623,1.692857,1.264013,0.700811,0.592732,-0.985466,-0.275487,-1.350249,-0.888395,0.393618,-1.180351,-0.262215,0.078123,-0.689364,-0.793748,-0.427374,0.028281,-0.502150,1.897117,0.550927,-1.170790,0.533066,-0.778736,-0.689854,-0.084138,0.261805,0.080825,0.037046,-0.330375,-0.793209,1.525644,-0.810061,-0.615191,-0.598213,0.045005,1.478365,-0.235389,-0.790155,0.099858,0.743498,1.367529,0.374814,0.961218,-0.818953,-0.917867,-0.508466,1.179984,0.667854,1.958956,0.128247,-0.389813,-0.569187,-0.129100,-0.256232,-0.188880,1.908349,0.113806,-0.515346,0.178698,-0.552844,1.045825,0.459048,1.730347,0.019547,-0.870783,0.739592,1.165980,0.666994,-0.864217,0.391012,1.584607,0.399446,1.239192,0.106420,1.498329,1.545179,-1.123801,0.975728,0.615377,-1.043704,0.722025,-2.914930,1.317712,0.722548,-0.328833,0.927967,-1.133168,0.680627,-1.041131,-0.221372,-0.567522,0.840316,1.348581,-0.052747,-0.111173,-1.398721,0.332561,1.649702,0.922422,-0.339589,-0.761722,-0.612758,-0.562152,0.523935,0.069968,-0.627907,0.800721,1.936425,-0.601816,-0.728499,0.621962,-1.998806,-0.425280,0.435710,-0.501866,-1.660111,-1.106909,0.798544,0.728031,1.343580,0.752532,-0.407898,0.973846,0.362563,0.794018,0.195396,-0.569362,0.110312,-1.215754,0.762545,0.027321,-0.268889,0.431868,0.780148
-0.671007,-0.878353,0.747677,0.073808,-0.688002,-0.637454,-0.645725,0.729994,1.247884,-0.932860,-0.699158,-0.703530,-0.869494,0.779318,-1.218330,-0.688951,0.523463,-0.727898,-0.241754,-0.683634,0.397327,-1.041991,-0.693466,-0.407298,0.669909,-0.606701,1.045739,0.726058,-0.689117,-2.206674,-0.901585,-0.664525,0.807427,-0.480919,-1.336467,-0.720825,-1.109247,-1.722848,0.648119,-0.691411,0.127570,1.562135,-0.991340,-0.750964,0.429183,0.134679,3.164181,-1.030597,-0.891007,-0.538929,1.421788,-0.735724,-1.765930,0.667319,-0.726137,-0.401581,0.888691,0.241217,0.618442,0.010434,-0.727400,0.863211,-1.236331,-1.005631,-0.484125,0.047271,0.030787,-0.808397,-0.842908,-2.967362,0.922936,-0.019634,0.459048,-0.942914,-0.628692,-3.584977,-1.180351,0.779401,0.078991,-0.689364,0.027716,0.275293,-2.108217,-0.502150,-0.769005,0.679984,1.032268,0.519228,0.859483,-0.596153,-1.914187,0.219028,0.080468,-1.369854,0.632841,-0.556068,-0.936593,-1.392545,0.059685,-0.452477,-0.946824,-1.408203,0.353288,0.089161,0.934485,0.819702,-0.652445,-0.230412,-1.049033,-0.037025,1.076013,-0.535514,0.867410,0.495094,-0.872939,0.478475,-0.389813,-0.569187,0.459727,-2.089003,-0.504012,-0.512365,0.979563,-0.515346,0.011569,-0.493236,0.877479,-1.108154,-1.273033,0.030673,1.250119,-0.366190,-0.710627,0.291255,0.971665,0.152647,-1.221769,-0.075496,-0.889870,0.425618,-0.406785,1.527196,-0.636015,0.734027,-1.030315,1.122176,-1.165478,-2.914930,-0.779096,-0.408003,0.582384,0.770199,-1.434583,0.289112,-1.041131,0.756491,-0.023414,-0.420109,-0.600507,-0.811576,0.364748,-0.227287,-1.206433,-0.624337,-0.995595,0.716406,1.407919,0.388478,-0.396697,0.314083,-1.816545,-0.033020,-0.933451,0.089823,-0.031250,-0.800097,-0.662847,0.650637,-0.190924,0.594834,-0.380979,-0.386483,-0.269473,-0.699097,0.122656,-1.120235,-0.873914,0.669313,-0.875111,-0.558553,0.514048,-0.084889,-0.569362,-0.026982,-0.316878,0.136211,-0.837427,0.772229,-1.452235,-0.688049
-0.699690,-0.878353,0.661156,0.254137,-0.620495,-0.774113,-0.750770,0.404185,-1.088114,-0.932860,-0.699158,-0.776902,-0.358069,0.309285,0.633441,-0.508729,-0.057516,-0.680078,-0.182180,2.205662,0.379407,1.150703,-0.693466,-0.615859,0.347236,-0.614853,1.275557,1.354271,-0.689117,0.511063,0.827220,-0.522669,0.392084,-0.530834,0.290777,-0.720825,-1.109247,0.815257,-3.083256,-1.642711,-0.546381,-0.994349,-0.508756,0.022675,-0.704424,1.490337,-0.351774,-0.955428,-0.891007,-0.762357,0.828587,2.051983,0.728376,-1.328187,0.558277,-0.463799,-0.621751,0.889895,0.961260,1.532912,-0.727400,0.320774,0.866428,0.552286,-0.484125,0.004187,0.461236,1.081255,1.405211,0.314943,0.736581,-0.652984,-0.308489,0.120953,0.798548,0.581929,1.027160,0.118319,-0.794561,-0.689364,-0.335328,-0.815421,-2.108217,-0.502150,0.050219,-0.282725,0.233020,-0.091207,-0.778736,-0.168223,0.153380,-1.582452,0.343764,-1.369854,1.952828,0.421985,0.653197,0.284368,-2.210195,0.121694,2.131619,1.020133,-1.930415,-0.459667,2.027442,1.408382,-0.670122,-0.836647,-0.245927,0.489036,-1.314056,-0.496963,0.244918,1.358503,1.519177,-2.596826,-0.389813,1.283438,-0.155842,0.146379,-0.504012,-0.512365,-0.529716,-0.515346,-0.898240,0.364809,0.722002,0.332879,1.088057,-0.033395,-0.870783,-1.419395,-0.663494,-0.243671,-0.334783,0.266946,1.163468,1.053117,0.978366,-0.397511,-0.096738,-0.658800,-0.945364,0.033318,1.149421,-1.043704,-0.139975,0.692845,0.314294,0.611919,0.540718,-1.710670,1.385816,-1.883903,1.633180,-0.863788,0.124210,0.446319,-0.600507,-0.054486,-0.554832,0.880717,2.105828,0.145830,1.037292,0.850492,-0.761722,-0.691887,-0.398808,-1.545215,0.840624,-2.155703,-0.933451,2.427741,0.974619,-0.344500,-1.063247,1.029704,0.163030,1.101176,-1.405944,-1.250253,-1.404806,-0.289454,-1.741074,-0.153531,-0.077137,0.577899,1.011804,-1.683322,0.250018,0.002718,-0.569362,0.658209,-1.139135,1.736415,-1.192141,-1.712089,1.147195,-0.537588
-0.827607,-0.878353,0.678776,0.285512,-0.739580,-0.549962,-0.712828,0.387241,1.251535,-0.932860,-0.699158,-0.580147,-0.708660,0.360052,0.074240,-0.690186,0.190349,-0.742677,-1.017464,1.076650,0.962688,-1.074932,-0.693466,-0.417002,0.221660,-0.704978,-1.407265,0.341178,-0.689117,0.226409,-1.421037,-0.847008,1.014410,-0.542736,-1.489114,-0.494271,0.850268,0.601864,0.355639,0.402520,-0.225232,-0.585235,-0.939464,-0.557570,0.495383,0.056370,-0.351774,-1.011322,-0.891007,-0.649974,0.239119,-0.735724,-1.765930,0.732085,-0.995104,-0.741274,-1.025756,0.199109,0.875331,0.194826,-0.727400,0.245626,0.569825,-0.871453,-0.484125,0.045017,1.200604,-0.844796,0.982257,0.488811,0.132502,-0.211386,-1.519042,-1.195221,-0.826095,0.672853,-1.180351,-1.939877,-0.684709,-0.689364,-0.663737,-0.224072,0.370494,-0.502150,-0.741096,0.746338,-0.684338,0.752094,-0.778736,-0.656115,-0.439265,-1.582452,-0.216535,0.677182,0.147287,-0.683632,-0.927846,1.022106,-0.134129,-0.427453,-0.946824,-1.101083,1.327125,-0.584142,1.051537,0.360213,-0.492181,-0.843544,-0.745762,-0.195307,-1.157685,-0.461471,0.677405,0.472756,-1.085897,0.376641,-0.389813,-0.569187,0.211740,-1.664795,-0.504012,-0.512365,0.623099,-0.515346,-1.048974,-0.771039,-1.004154,-1.108154,-0.616602,-0.127777,-0.870783,-0.818073,-0.272644,0.797834,0.414530,0.187233,-0.764988,0.110951,-0.889870,1.119304,-1.218615,-0.658800,0.262814,0.404410,0.700071,1.176226,-0.308883,1.204567,-1.283796,0.820333,0.228165,0.594301,0.882002,0.481016,0.912996,0.467506,0.503830,-0.482821,-0.266191,-0.936499,0.289154,-0.822269,-0.248601,-0.892995,-0.995595,0.816842,0.444257,-0.962185,-0.255307,-1.545215,-1.072743,-0.707876,-0.188842,0.985393,1.211435,-0.654185,-0.528499,0.058665,0.120008,-0.005874,-0.434183,-0.721875,-0.365490,0.136030,0.596273,-0.798233,-0.849091,0.487863,-0.861572,-1.185757,0.940053,0.035307,-0.569362,-1.321564,-0.494469,0.056801,-2.241020,0.179878,0.277634,-0.297739
1.338775,-0.878353,-1.185653,0.787471,1.347195,1.378508,1.362949,-0.398760,0.785839,0.937880,-0.699158,1.302391,1.318300,-0.668329,1.253451,1.351936,0.309086,1.372316,1.279601,0.548119,0.960739,1.284728,-0.693466,-0.404836,-0.455215,1.291120,-0.336592,0.434468,0.989172,0.038428,1.163511,1.391653,-1.173473,0.757579,1.528557,1.339082,-1.109247,0.526173,-0.151409,0.552430,1.600477,1.127520,-0.195531,1.470972,-0.676861,-0.908543,2.435206,-0.694530,-0.891007,1.457627,0.803446,-0.089172,1.106524,0.697139,-0.995104,1.171956,0.292987,0.196137,0.611594,-0.803612,1.194979,0.610612,-1.236331,1.600161,-0.484125,0.146843,0.639318,1.375327,-0.842908,0.605472,0.587948,0.535917,-1.519042,0.846489,-1.818669,-0.340595,-1.180351,0.204867,0.437968,-0.689364,1.406839,-0.233443,0.529223,-0.502150,0.399462,-1.641738,-0.012514,-0.063521,-0.778736,1.463678,1.229767,1.321261,0.577856,0.804463,0.845267,-1.119762,1.034835,-0.955632,0.216367,0.979691,1.060816,1.317232,-0.679188,1.689066,-1.133093,-1.073927,1.359510,0.962458,1.173603,0.670485,-0.851647,1.658976,0.122388,-0.515104,0.886776,0.450187,-0.389813,-0.569187,0.225549,0.753796,2.493858,-0.512365,-0.062778,-0.515346,0.338464,2.340162,0.785272,-0.631915,1.208244,0.130611,0.729794,-0.749873,1.849110,-0.345602,0.512896,0.154197,1.191696,-0.331070,1.182137,0.381651,0.988936,-0.658800,0.702467,0.658100,-0.495442,-1.043704,-0.144365,-0.541553,0.342593,-1.820957,-0.169987,0.294068,0.689882,0.746338,0.340972,0.302325,1.268673,-0.081988,-0.600507,0.089173,-0.324453,1.971541,0.655211,1.071489,0.965721,0.576563,-0.761722,1.178770,-0.603017,0.285710,0.805341,0.439832,1.411901,-0.588636,0.451695,1.582686,-0.642098,-0.017206,0.274796,-1.112522,0.387113,0.786368,0.405762,0.249436,0.599674,0.712491,-0.147953,0.142146,-0.056765,0.437878,-0.454001,-0.353799,2.089475,0.778096,0.223031,-1.324351,-1.012484,0.735252,-1.452235,1.442054
-0.710672,0.018377,0.767381,0.668921,-0.803659,-0.562647,-0.664375,-0.753870,0.810146,-0.932860,-0.699158,-0.557449,-0.877206,-0.842411,-1.218330,-0.623037,-1.664483,-0.643604,-0.942124,-0.683634,0.409526,-1.018838,-0.693466,-0.615859,-0.993560,-0.624138,1.238466,0.662747,1.518994,-0.244228,-0.831135,-0.534947,0.950190,0.065985,0.230453,-0.720825,-1.109247,0.695644,0.704918,-0.756772,-0.245257,-0.523748,0.666659,-0.665608,1.561000,0.440412,-0.351774,0.358162,-0.891007,-0.771263,-1.488259,-0.735724,-1.765930,0.582206,0.687542,-0.579850,2.718416,1.730022,0.872717,0.227281,-0.727400,0.739956,0.404496,-0.662262,-0.484125,0.529284,0.443225,-0.731680,-0.842908,0.087513,0.226547,-0.283857,1.168761,0.547952,-1.818669,0.514374,-1.180351,0.376763,0.408737,-0.689364,-0.279999,0.013221,0.710814,-0.502150,-0.705900,-0.218470,-1.153110,0.587446,-0.778736,-0.541398,0.051186,0.008648,0.303628,-1.369854,0.136558,-0.419027,-0.710456,-0.585143,0.837260,-0.038130,-0.946824,-1.129099,0.418220,-0.337690,0.712246,-1.073927,-0.673571,0.048957,-0.280983,0.186280,-0.715097,-0.338833,1.222265,0.840899,-0.793937,0.850737,-0.389813,-0.569187,0.404232,1.006443,-0.504012,-0.512365,0.695323,-0.515346,0.299798,-0.607847,-1.117757,0.312255,-0.762816,0.314116,-0.870783,0.294918,-0.651788,1.461218,0.094129,0.120852,-1.221769,0.522395,0.853042,0.367350,-0.866348,-0.658800,-0.003344,1.116332,-0.635463,0.998176,-0.784735,0.929963,0.267849,1.523753,-0.200545,0.734518,0.447540,0.569660,-1.041131,0.007043,0.004120,-0.606658,-0.600507,-0.450386,1.772002,-1.012421,-0.744978,-0.555521,-0.995595,0.821468,1.146159,0.220719,0.911778,0.641134,1.482479,0.774514,1.814144,0.466936,0.699315,-0.748054,0.116316,0.892196,0.380089,0.195980,1.040502,-0.988386,1.019414,0.328627,0.223959,0.085712,-0.837112,0.513323,-0.239544,0.255537,-0.035904,-0.467290,-0.569362,-1.321564,0.646989,-0.109969,1.266361,-0.202430,0.526985,-0.573123
1.408136,0.353772,-1.273925,1.001457,1.206612,1.456803,1.341837,-0.232964,0.559480,-0.932860,-0.699158,1.379238,1.378328,-0.318499,1.426996,1.256353,0.684284,1.275930,1.256887,-0.683634,0.000655,1.957925,1.696637,-0.615859,-0.295501,1.366012,-0.507592,-3.017665,-0.689117,-2.206674,2.347861,1.575168,-1.173473,0.116744,-1.483921,1.323054,0.439781,0.742911,0.221355,0.687551,0.714614,-0.228781,-0.901639,1.479648,0.221143,-1.715526,-0.351774,1.351934,1.319226,1.596703,-0.361733,-0.735724,0.526451,0.255572,-0.748855,1.637274,0.000764,-0.482679,-1.518758,-1.993892,1.012217,0.557122,0.693685,2.083344,2.431164,0.182092,0.717744,2.103358,-0.842908,-2.967362,0.468543,1.600030,0.646579,-0.835545,0.130467,-0.243223,-0.855061,-2.008209,0.584451,1.044044,1.072227,-0.952008,0.245937,3.415788,3.703653,0.610923,-0.175364,-1.579529,0.901134,1.458572,-0.587371,1.034527,0.417111,1.609257,-2.741421,0.156833,3.104394,-0.230637,-0.933281,0.327521,0.966670,1.661751,-1.140969,0.993857,-1.098941,0.754586,1.296368,0.374205,2.697957,0.844541,0.702832,1.507629,-0.378606,-3.151383,1.638725,-0.231426,-0.389813,1.668682,-1.312017,-1.392811,1.852603,-0.512365,-2.274681,2.505205,1.777055,0.417712,0.576958,0.536672,1.870163,-1.602152,0.518999,0.412251,2.405510,1.518208,-2.041752,-0.527719,2.102022,0.698177,-0.668437,-0.577756,3.094764,-0.658800,1.348309,-1.634992,1.756930,-1.043704,0.131836,-0.814163,1.956284,-1.965394,0.087917,0.442083,1.604779,0.408873,-1.041131,-1.469157,1.478379,1.772345,-0.600507,-1.249378,1.562070,-0.020212,-0.040408,2.259828,1.118130,-0.256805,0.182587,1.075034,-1.556708,-1.545215,0.473745,-0.253111,-0.933451,-1.047415,-2.560162,1.339346,-0.664524,0.728031,-0.454969,-0.201019,-0.716785,1.550488,-1.092115,-0.624655,0.859778,2.015675,1.389218,-1.207111,1.922796,2.014269,-0.299041,0.568926,1.899614,0.843851,-0.830194,-0.445688,1.160785,0.302749,-1.452235,2.268103
1.311830,-0.001235,-1.351781,-0.111869,1.354356,1.274002,1.334889,0.707032,1.043880,-0.932860,1.150928,1.530369,1.296536,0.715519,0.607179,1.419531,0.678031,1.328580,1.042687,1.001750,-0.544524,-0.865429,-0.693466,1.586825,0.755201,1.310519,-0.702989,0.193793,-0.689117,-0.159807,-0.832036,-0.662008,-1.173473,1.535324,-1.238147,1.430237,0.952393,0.355717,0.608630,-1.642711,0.366206,-0.994349,0.572352,-0.617809,-1.120238,-0.061867,-0.351774,0.929807,0.136619,1.390018,-1.488259,0.747203,0.464565,-1.385975,-0.995104,-0.717515,0.319581,-0.436095,0.945770,0.350490,0.914588,0.776143,0.991997,-0.989614,1.432725,0.167411,-1.559154,-0.733581,1.269342,0.305640,0.567984,0.191921,1.226920,-1.317453,-0.855085,0.513812,0.811544,0.717426,1.164234,-0.689364,0.661384,0.741432,0.413226,0.762711,-0.477431,1.035572,2.842230,-0.130835,-0.778736,-0.736551,0.229445,-0.460721,-0.070885,-1.369854,0.664190,-0.880297,-0.721638,-1.392545,-0.625181,0.353146,-0.946824,-1.546902,0.167583,0.255967,2.050419,-1.073927,1.565002,-0.020482,-0.253934,-0.129006,0.830298,-0.155021,0.793831,0.855364,-0.243283,0.341304,-0.389813,-0.569187,-0.168780,0.295209,-0.504012,-0.512365,0.073370,0.077198,-1.762024,-0.149058,0.596326,0.171033,-0.679905,-0.195006,0.941414,-0.982853,-0.867152,1.039798,0.023876,-0.045896,-1.221769,0.145643,-0.889870,-0.351130,-0.972393,-0.658800,-1.293070,0.040607,-0.126651,0.972269,0.077468,-0.548123,-0.680048,0.592123,0.897131,0.893871,-0.366261,-1.883903,0.607515,0.327210,-0.059051,1.595791,1.593096,-0.800479,-0.427239,0.256108,-0.908642,-0.292666,-0.995595,0.785295,-0.761722,0.532207,-0.217329,0.887391,0.110658,-0.481519,-0.933451,0.612041,-1.106106,-0.647420,-0.124067,0.453997,2.810048,1.067548,-0.295146,0.824547,-0.651396,0.087569,0.799671,0.413359,0.132342,-0.022995,-0.378918,0.591660,0.152259,2.103360,-0.569362,0.719978,-0.137216,0.647061,0.930952,-0.358468,-1.452235,-0.753939
-0.654293,0.197021,0.732253,0.338756,-0.748602,-0.774113,-0.834473,0.918214,0.921622,-0.932860,-0.699158,-0.664159,-0.865455,1.025006,-1.218330,-0.663208,-1.664483,-0.612206,-0.605669,-0.683634,-2.997396,-0.184225,1.024731,-0.615859,0.984682,-0.602478,-1.407265,0.501913,-0.689117,0.911042,-0.041984,-0.901660,1.211421,-0.690455,0.408069,-0.720825,-1.109247,-0.072164,0.543846,-0.119613,-0.958765,-0.114991,1.280046,-0.611174,0.669560,0.260518,-0.351774,0.105596,-0.891007,-0.944151,0.957226,-0.338033,0.530626,-1.917110,0.421014,-0.365325,-0.793023,0.827421,0.578340,-0.064821,-0.727400,0.850157,-1.236331,-0.244556,-0.484125,-0.082627,-1.559154,-0.278015,-0.842908,0.535633,0.688610,-0.210177,-1.519042,0.541100,-0.796546,0.524180,-1.180351,-0.337413,0.620867,-0.689364,-0.098680,-0.408714,-2.108217,-0.502150,0.357357,-1.641738,-0.001016,0.464299,-0.778736,-1.221228,-1.378410,0.619140,-0.144522,0.582561,0.396145,-0.978618,0.013778,1.069518,0.115814,-0.645563,-0.946824,0.219430,0.429571,-0.299799,0.632134,-1.073927,-0.673759,-0.462354,-1.049033,0.467301,0.744327,-0.722113,1.035897,0.731425,0.168889,0.549943,-0.389813,-0.569187,-0.129201,0.684686,-0.504012,-0.512365,0.327781,-0.515346,-0.165906,-0.763212,0.749320,-0.327432,-0.520083,-0.494056,-0.870783,-0.523958,-0.138370,0.210354,-0.138873,0.219362,-0.355106,0.095708,-0.889870,0.141923,0.139375,-0.658800,-0.259176,0.829650,0.022757,-1.043704,0.335033,0.715278,-0.144560,-0.527924,0.589773,0.489345,-0.768153,0.188055,-1.041131,0.260743,0.325779,0.495674,-0.600507,-1.048072,1.942168,-1.025317,-0.824092,0.083127,1.045406,0.595326,1.280803,-0.374342,0.437340,0.285781,1.012864,-0.300970,-0.933451,-0.152045,0.065304,-0.414806,-0.402425,1.009317,-0.712232,0.461467,-0.090937,-0.358310,0.035229,0.301184,0.004649,0.640355,0.005570,0.176679,-0.089466,-0.047003,-0.819539,0.282178,-0.569362,0.841367,0.036818,0.219481,-0.530201,0.549321,0.498053,-0.289309
-0.810018,-0.878353,0.665750,0.404870,-0.736577,-0.774113,-0.666691,0.413878,0.495135,-0.932860,1.355059,-0.644682,-0.879513,0.373860,-1.218330,-0.758479,-1.664483,-0.558791,-1.124858,2.078559,-1.559217,-0.369252,-0.693466,-0.615859,0.163343,-0.708736,1.517888,1.324304,-0.448829,0.426376,-0.584033,-0.884990,0.512155,-0.021801,-1.283388,-0.720825,-1.109247,0.747827,0.009850,0.382652,-0.005985,1.820427,0.030125,-0.509211,-1.173497,1.000819,-0.351774,0.642197,1.902598,-0.775756,1.287379,-0.735724,-1.765930,0.339615,-0.700895,-1.000420,-0.811500,0.747784,0.804353,1.112660,-0.727400,-1.878545,-1.236331,-0.968889,1.972235,0.289232,-1.559154,-0.891300,-0.842908,0.527806,0.505928,1.638584,0.704396,-0.733517,0.413662,0.239143,-1.180351,-0.101914,1.203883,-0.689364,0.896377,0.604722,0.002889,-0.502150,-0.196591,-1.641738,1.211253,-2.716375,1.430531,-0.334659,0.262250,-0.302986,1.093112,1.117621,1.841953,-1.027743,-0.631001,-0.816967,-0.624333,0.614697,0.516835,0.118365,-1.500255,0.801418,0.734399,0.924689,-0.682835,-0.372997,-0.039981,0.549698,-1.361511,-0.536035,-0.418747,0.441959,-0.883431,1.147767,-0.389813,-0.569187,-1.487545,-0.474333,-0.504012,-0.512365,-1.102338,0.199978,0.260306,-0.349023,0.901573,1.755474,-0.581019,-0.959240,-0.870783,-0.202694,0.040035,2.090975,-0.596655,-0.829702,-0.038778,1.607189,1.025521,-1.082503,-0.907190,-0.658800,-0.320703,-0.179273,1.925559,-1.043704,2.041165,0.602759,-0.182470,0.498456,0.882512,0.221813,-0.808761,0.055199,1.179847,-1.282198,0.917962,1.371568,-0.600507,-0.967270,-0.147015,-0.477279,0.606291,-0.038267,1.093852,-1.560759,-0.761722,0.234536,-0.000064,0.330989,2.040088,0.022274,0.836351,0.381507,0.915144,-0.609738,0.131029,0.604970,0.634611,2.371356,0.191053,-0.153057,0.058583,-0.401805,-1.741074,0.385722,0.544108,-1.047826,0.711397,0.253247,2.037100,2.599691,-0.569362,-1.321564,-0.091506,2.253397,0.134216,-1.712089,1.607842,0.885968
-0.681161,-0.878353,0.717523,0.276283,-0.690948,-0.774113,-0.724898,1.161326,1.593547,0.866480,-0.699158,-0.687541,-0.994284,1.280413,0.531367,-0.593434,1.353621,-0.739901,-0.992971,1.001317,0.444089,-1.089073,-0.693466,-0.615859,1.366530,-0.849718,1.032188,0.646418,1.035297,-0.230226,-0.585905,-0.914331,0.708009,0.043729,-1.449186,-0.720825,0.891394,0.837695,0.521606,1.293863,0.108298,-0.994349,-1.298920,-0.792100,0.871035,-0.074261,-0.351774,-0.878578,1.562116,-0.831753,1.237029,-0.735724,0.212413,0.673347,1.539783,-0.370637,0.617428,-0.386179,-1.518758,0.024148,-0.727400,0.563439,0.357440,-0.805698,-0.484125,-0.020623,0.139616,-1.093923,-0.842908,0.513018,0.866797,-0.199961,-0.297081,-1.349351,0.715678,0.442577,-0.144991,0.778539,1.154508,1.015441,-0.689149,-0.448336,0.372567,1.855239,-0.587703,1.049604,0.667294,0.688826,-0.778736,-1.096430,-0.394604,0.951250,-0.067066,1.317504,0.302730,-0.825291,-0.759166,0.866080,0.812677,-0.358768,1.097732,-0.791236,-0.226120,-0.996887,0.364609,0.394424,-0.793471,0.231553,0.804721,0.713532,-1.083676,-0.999503,-0.710206,-0.040546,-0.835399,0.647590,-0.389813,-0.569187,0.832211,0.543205,-0.504012,-0.512365,0.972734,-0.515346,0.486617,-0.678462,-1.267607,-0.655096,-0.487193,0.590330,-0.870783,-0.640448,-0.596301,-0.403440,0.184242,0.278948,-1.221769,0.259415,1.243042,0.871515,-0.725789,1.447125,-0.019392,0.899034,-0.739515,-1.043704,-1.165478,0.456267,0.629338,-0.299639,0.529978,0.597013,-0.473592,0.695673,0.964163,0.621679,0.380674,0.219585,-0.600507,0.712134,0.030795,0.027007,-1.022611,-0.793717,0.983608,0.923514,1.497983,0.365970,0.823585,0.610752,0.756101,0.858040,-0.933451,-0.219077,0.879107,-0.445891,-0.258628,0.056067,0.056631,0.355260,0.380989,-0.184186,0.648164,0.645212,0.667413,-0.249671,-0.515899,0.507480,-1.086325,0.214617,-0.819539,-0.581907,-0.569362,1.178919,1.346677,-0.133825,0.311165,1.645969,0.582946,-0.257938
1.333065,-0.878353,-1.401556,0.045393,1.459848,1.386778,1.331671,0.483736,-0.751694,1.224925,0.769262,1.304327,1.342393,0.431708,0.367738,1.381286,1.128689,1.303872,1.430863,-0.683634,0.607921,0.971762,1.441155,-0.615859,0.449736,1.425690,1.088739,0.424953,-0.689117,0.906482,0.705149,-0.531114,1.365017,-2.411542,-0.777613,1.388908,-1.109247,0.122607,-2.119676,0.372046,-0.249367,1.496981,-0.558694,-0.647948,0.744518,0.225658,-0.351774,-1.270489,-0.891007,1.232117,-0.036239,1.361758,0.749811,-1.029731,-0.995104,-1.000420,3.284552,0.575161,0.344308,0.517910,1.524537,-1.878545,0.021105,-0.043730,-0.484125,0.394819,0.393868,1.167992,1.104446,-0.158064,-0.847900,-0.379087,-1.519042,-1.095060,0.909134,-1.449590,-1.180351,-0.791489,-0.159530,-0.689364,-0.701715,-0.795343,0.426754,-0.502150,-0.310832,-0.065149,0.106755,0.438508,-0.778736,-0.557355,0.072384,-1.582452,0.097988,-0.424504,-0.020496,1.195743,0.473379,0.962290,0.781052,-1.008524,-0.946824,1.099925,1.350960,-0.576566,-0.438864,0.840604,1.312777,-1.035358,-1.049033,0.361768,-0.535233,-1.308928,-0.845769,0.023347,0.267286,0.170410,-0.389813,-0.569187,1.307074,0.594407,-0.504012,-0.512365,0.861852,2.454517,-0.891842,0.280644,0.543768,-0.438335,0.619919,1.561887,-0.870783,1.113069,-0.473168,-0.700379,0.941105,0.803565,0.927389,-0.682749,0.709781,1.260186,0.189211,-0.658800,-0.292256,-1.634992,-1.189490,-1.043704,-0.670702,0.560193,0.094091,1.188002,-0.251325,1.022083,-1.472350,0.454163,0.892081,1.357545,-0.436025,-1.422775,-0.600507,2.160582,-0.890698,0.302661,-0.894922,0.036090,0.904088,0.365689,-0.761722,-1.535745,0.440932,1.508750,-0.078086,0.996533,1.181266,0.164164,0.283989,-0.748243,1.520979,-1.998806,-0.711685,0.157993,0.985373,-0.113946,0.631629,0.300703,1.093899,-0.304810,-0.216463,1.405159,0.133075,-1.727555,-0.303509,-1.053256,-0.569362,0.608288,0.992946,1.001889,0.231737,0.523124,0.840828,-1.643539
1.353711,2.352567,-1.334745,-2.297124,1.313580,1.240576,1.285585,-0.178917,-0.668403,-0.932860,-0.699158,1.415438,1.384679,-0.417521,0.889780,1.124646,0.565479,1.125249,0.872684,-0.683634,0.822948,-0.669499,0.678464,-0.615859,-0.249806,1.109530,1.075490,-0.086165,1.034084,0.337989,-0.789566,1.497899,0.507025,0.295905,0.448288,1.467863,0.892138,-0.119193,0.389312,-1.642711,0.055710,0.658989,0.525500,1.572734,-0.694248,-1.191376,-0.351774,0.692191,0.387409,1.391824,-0.036865,0.260990,0.697012,0.207501,-0.751769,1.415844,-0.399430,0.187008,0.742624,-0.963805,1.147510,0.299674,0.667732,-0.638384,1.985741,0.235444,1.230247,-0.774540,-0.842908,0.160027,0.827237,2.480881,0.349775,1.422890,-0.184143,0.399823,1.189183,0.368998,0.659616,1.165847,0.693885,-0.672859,0.191506,-0.502150,-0.421873,0.372358,0.171022,-0.595335,1.067696,1.594342,0.056211,-1.152081,0.571768,-1.369854,-0.441068,-0.895365,-0.888789,1.421516,0.291406,0.425352,1.133130,-0.406321,-1.468927,0.749424,0.330674,1.369498,1.214004,-0.487563,-0.697150,0.522954,0.935505,1.749505,-0.148069,-0.742320,-0.644682,0.477752,2.556156,1.917210,-1.476113,-1.314953,2.730962,2.056480,-1.214899,-0.515346,-0.335460,1.893016,1.280845,-0.408870,-0.911473,-1.333623,0.435390,-1.477962,-0.245506,0.410076,-0.598956,-0.504330,-0.422659,1.355606,1.074510,-0.217994,-1.175707,-0.658800,1.401781,-1.634992,0.411485,0.723847,0.930890,0.767083,-0.311540,-1.686355,0.147345,-1.710670,1.270245,0.387959,0.839073,-1.606483,0.788339,1.194528,-0.600507,-0.649316,-0.892898,0.303337,-0.386285,0.067332,-0.995595,-1.113053,-0.761722,0.291983,1.143598,0.038036,0.054926,-0.113441,-0.933451,-0.046333,0.977296,1.770474,-1.762762,0.587678,-0.515755,0.073032,0.754792,2.151940,0.867861,0.259880,0.260217,1.101627,0.994624,-1.674088,0.767250,0.676721,-0.492694,0.602113,1.951766,-1.321564,0.593762,0.141443,0.992396,1.153366,-1.452235,0.084763
-0.765581,-0.878353,0.836517,0.685539,-0.707264,-0.532624,-0.518210,0.208651,0.783735,-0.932860,1.525286,-0.731614,-0.711716,0.069212,0.658187,-0.691103,0.043490,-0.625842,-0.947857,-0.683634,0.145700,-1.043487,-0.693466,-0.615859,-0.195477,-0.698391,0.482450,0.471857,-0.689117,0.494305,-1.029420,-0.308015,-1.173473,-0.480294,0.010961,-0.720825,1.506748,-1.722848,0.001449,-1.642711,0.237397,-0.994349,1.216682,-0.552124,2.686741,0.912212,-0.351774,-0.511917,1.963883,-0.716357,-1.488259,0.207472,-1.765930,-1.500072,-0.995104,-0.447976,-1.359518,1.410303,-1.518758,0.658533,-0.442943,-0.169419,0.742469,-0.994527,1.300948,0.568832,-1.559154,-0.933985,-0.842908,-1.060024,-3.008251,-0.936761,0.380064,-0.416231,0.856607,-0.060383,0.896716,0.724910,0.317795,-0.689364,-0.223009,-0.230269,1.276150,-0.502150,-0.445750,-1.641738,-0.286046,-2.716375,1.167762,-0.136967,1.802040,-0.632082,0.827201,-1.369854,0.286623,0.167755,-1.087986,1.938323,2.673607,-0.152545,1.178366,0.163274,-1.976023,-0.224362,-1.569589,0.456892,-0.587299,-0.733536,-0.588309,-3.309615,1.184571,-0.514389,0.164799,0.255461,-0.699878,0.723911,-0.389813,-0.569187,-3.264218,-0.041677,-0.504012,-0.512365,-3.297696,0.365665,1.802310,-0.696640,0.253251,0.118114,-1.756142,-2.790383,0.829115,2.185032,0.537521,-1.400126,-2.630866,-5.205298,-0.729393,-0.515364,-0.889870,-1.625080,-1.257183,1.389157,-0.616468,-0.032640,-2.126238,-1.043704,-1.165478,1.290435,-0.908593,0.323782,-4.978252,0.906731,1.245414,1.030796,1.229796,-2.610702,0.400405,-0.225669,-0.600507,-3.039199,2.372861,0.045246,-0.148824,-0.331214,0.001329,-3.262278,1.645699,0.614310,2.731548,-1.545215,1.352049,2.916325,-0.213941,0.541252,0.415981,-0.414159,2.380971,-1.998806,0.609076,-0.692178,2.795349,-0.234076,2.719784,-0.160208,-1.741074,0.538324,-0.202025,-2.623452,-0.187209,0.190717,0.588784,-0.684825,-0.569362,-1.321564,2.882219,-0.104683,1.513532,0.566421,0.967270,0.092088
-0.719887,2.183916,0.754105,-2.297124,-0.747239,-0.662181,-0.685205,-1.907475,-0.536719,0.448617,0.947222,-0.464338,-0.502036,-1.732985,1.090928,-1.009402,0.597679,-0.764698,-0.125424,-0.683634,0.624016,-0.306388,1.150007,-0.615859,-1.523958,-0.805754,1.165593,-2.111755,-0.689117,-0.403573,-0.299143,1.586676,0.499443,0.611774,0.307107,-0.720825,-1.109247,0.657315,0.539260,0.447668,-0.163200,-0.480576,-0.977069,1.668356,-0.977601,-2.383470,-0.351774,0.590566,0.345028,-0.690840,0.811612,-0.735724,0.582012,0.456524,1.445691,1.569711,0.130587,-0.596301,0.663274,-2.436180,-0.727400,-0.459457,1.072554,-0.626181,-0.484125,-0.003876,-0.145404,-0.806948,-0.842908,-0.622501,1.020357,-0.548082,0.692247,0.831888,0.334745,0.511617,1.168226,1.002681,0.742264,0.670523,0.643120,1.278011,0.620745,-0.502150,-0.707498,-1.641738,-0.909970,0.495701,0.849803,1.570018,-1.394084,0.915317,0.032529,0.770074,-1.924432,0.350436,-0.290464,-0.634670,0.536429,1.905650,-0.163628,-0.071977,-0.239986,0.674386,-0.381213,-1.073927,-0.715562,-0.030835,-0.262610,0.889209,0.664467,1.699764,0.371408,-0.729241,-0.632400,0.218879,-0.389813,-0.569187,0.491103,0.608531,-0.504012,1.232317,0.374545,-0.515346,0.106864,0.824546,0.663379,-0.473552,-0.447182,0.796752,1.703444,0.586455,-0.566565,-2.574169,0.152014,0.300367,-0.211968,0.038219,-0.889870,-2.319294,-0.516985,-0.658800,1.512925,0.817875,-0.605959,0.464902,-0.638038,-0.349792,-1.330529,-1.556947,0.489395,-0.021524,-0.908716,0.548835,-1.041131,0.376941,-0.049650,-0.744896,-0.600507,1.018234,-0.568918,2.763956,1.586290,-0.453737,0.537813,-0.423369,-0.761722,0.670817,0.103956,0.547864,0.123719,0.376661,0.292784,-1.237695,-0.703086,1.572142,-0.135739,0.797559,0.270128,-0.184930,0.236519,0.665756,0.570671,1.023724,0.686291,-0.848707,-0.584970,0.014493,-0.481551,-1.060674,-0.819539,-0.953367,1.200478,1.211272,0.263142,-0.494952,-0.426123,0.106885,-1.452235,0.805991
-0.768569,-0.360486,0.813964,0.573039,-0.832865,-0.774113,-0.801355,0.981550,1.053024,-0.932860,1.136108,-0.829551,-0.440008,1.090134,0.308302,-0.687538,-0.319118,-0.372858,-0.683013,1.575106,0.803094,-0.508983,-0.693466,1.890270,1.088733,-0.790198,0.484394,0.713801,-0.689117,0.828557,-0.172846,-0.490218,0.526879,0.242922,-1.000008,-0.720825,0.918683,-1.722848,-0.087881,1.026807,1.593077,-0.560790,0.616894,-0.757640,-0.940147,0.221530,-0.351774,1.388116,0.987818,-0.706573,-1.488259,-0.735724,0.060098,0.280141,-0.995104,-0.395018,-0.152569,1.494830,-1.518758,0.111168,-0.727400,0.518824,-1.236331,-0.840066,1.966811,0.071771,0.569040,-0.578429,-0.842908,0.672554,1.162954,0.654634,0.659011,-1.037626,1.332528,0.518492,-1.180351,0.709940,-0.163297,-0.689364,-1.395473,-1.000038,-2.108217,0.887566,-0.594618,0.493563,-0.218805,-0.566003,-0.778736,-0.945448,-0.503992,-0.300604,0.782803,0.994121,0.713344,-0.953788,-0.749602,1.678094,1.210303,-0.015966,0.569473,0.011916,-0.800357,-1.353505,0.792142,0.250989,-0.630974,1.035388,1.418902,0.319438,-0.661096,-0.749952,0.400288,0.440582,-0.071976,0.195421,-0.389813,-0.569187,-0.341508,-1.762005,1.003415,-0.512365,-0.439383,-0.515346,1.625308,-0.506318,1.372205,-0.770271,-0.980817,-0.370960,1.299552,0.187003,1.791120,-0.062651,-0.869593,-0.284682,0.006842,1.446552,-0.889870,-0.117146,-0.388538,1.730139,-0.247458,0.378375,-0.268609,0.964700,-0.472818,-0.614140,0.545242,-0.732155,0.459031,0.490650,-0.076655,-0.166602,0.909015,-1.040421,0.106612,-0.131613,2.055318,-0.631232,-0.411609,-0.012077,0.272373,0.449694,-0.995595,-0.978570,-0.761722,0.577845,0.902451,-0.082957,-0.005939,0.838283,0.776357,0.109195,1.288241,-0.490123,-0.126779,0.660615,-0.873839,1.715286,0.870074,-0.373293,1.121068,-0.593606,0.598750,0.555328,-0.396281,-1.171941,-0.861060,1.142688,-0.819539,-1.054216,-0.569362,-1.321564,1.061094,1.564707,-0.502727,0.719055,0.818529,1.222510
-0.622929,2.036068,0.667692,-2.297124,-0.836864,-0.774113,-0.759728,-2.026416,-0.681944,-0.932860,-0.699158,-0.665150,-0.496403,-1.735733,1.108554,-0.742976,-1.664483,-0.586844,-0.983139,-0.683634,0.124494,1.565359,1.491476,-0.449366,-1.695873,-0.750691,0.181681,-1.110581,-0.689117,0.830980,1.157820,1.536842,0.315791,-0.338788,1.063954,-0.720825,0.810872,0.157377,0.486031,0.797430,-0.292229,-0.651130,-0.649653,1.433387,0.042740,-2.202832,-0.351774,0.387788,-0.246433,-0.837351,0.067141,-0.735724,0.217222,0.422338,0.664184,1.496604,-0.968208,-0.586487,0.396370,-1.897744,-0.727400,0.794865,1.136175,0.311166,-0.484125,-0.041114,0.741216,1.414873,-0.842908,0.301538,0.819339,0.767296,1.266061,1.607603,0.210248,0.551894,0.906237,0.231183,0.266016,-0.689364,1.273182,-0.603955,-0.004034,-0.502150,1.347284,1.150284,0.006329,-0.397562,0.772111,1.584710,-0.218434,-0.501834,0.573363,0.991451,-0.855661,0.006168,1.217683,0.930325,-0.717375,0.522193,0.806760,0.876881,-0.751565,1.255065,1.529844,0.382449,-0.836661,-0.997267,-0.342580,0.230072,0.564884,1.344129,-1.235076,-1.132502,1.941709,0.036861,1.541789,1.696899,-0.718690,-0.067032,1.334451,-0.512365,-0.708424,-0.515346,-0.582706,1.012956,0.674575,0.343222,1.426978,-0.823794,0.747748,1.550756,0.411488,-0.598346,-1.080817,-0.439427,1.419054,0.790627,-0.889870,0.125743,0.998428,-0.658800,0.989357,-1.634992,1.291342,1.015884,0.072917,-0.135339,-0.398414,-1.740079,0.776061,-1.710670,0.733306,0.444229,0.332100,-0.632310,1.090260,1.197617,-0.600507,-0.766199,1.518319,0.203738,-0.026688,1.286618,-0.995595,0.027217,1.158101,0.426220,0.124836,0.390569,-0.693875,-0.810110,-0.933451,-1.174807,0.024155,1.273167,0.842040,0.646215,0.190370,0.070453,-0.619640,2.008036,-0.765437,0.582150,-1.741074,0.161888,1.734020,-0.872202,2.290202,0.444103,0.262454,0.565070,1.061649,0.744339,-0.578691,-0.398228,0.999605,0.526864,0.404752,0.452793
-0.708549,0.741777,0.681533,-2.297124,-0.533342,-0.774113,-0.819505,2.143521,-1.088114,-0.932860,-0.699158,-0.280635,-0.804507,2.513414,0.656921,-0.747958,0.479547,-1.049936,-0.958002,1.112500,-1.445694,-0.755491,-0.693466,-0.615859,2.872156,-0.656568,-0.183364,-1.115022,-0.689117,-2.206674,-1.360935,-0.342501,1.649941,-1.417855,-0.800423,-0.720825,0.934676,1.201302,-0.047831,0.030994,-0.197685,-0.133571,-0.301251,-0.271449,-0.441172,0.308351,-0.351774,-0.465794,-0.891007,-0.730459,0.835772,-0.735724,-1.765930,-1.888342,0.377037,-1.000420,-0.546987,-0.298970,0.883485,0.439294,-0.727400,1.029175,0.976232,-0.499683,-0.484125,-0.147981,-1.559154,-1.249079,-0.842908,0.095344,1.115620,0.091693,-1.519042,-1.190572,1.913501,0.650909,1.020055,0.889480,-1.989382,-0.689364,-1.365061,-1.134106,-2.108217,-0.502150,-0.467277,0.839372,-1.944928,0.375995,-0.778736,-0.645384,-0.599588,-0.882395,0.399263,-0.252359,-1.122569,-0.814008,-0.539103,-0.977098,-1.288555,-1.497731,-0.946824,-1.464751,-0.108372,-0.814770,-0.509884,0.347638,-0.534372,-1.851240,-0.312361,0.955761,0.240068,-1.308928,-0.233008,0.901940,-0.372293,0.492880,3.456682,1.591588,0.367255,-1.216296,-0.504012,-0.512365,0.459592,-0.515346,-2.170474,-1.829154,0.884772,-0.655314,-0.982770,0.462664,1.888064,-0.608513,-1.520169,-1.918058,1.033251,0.145354,-1.221769,-2.637825,1.181191,-2.319294,-0.980565,1.505758,-2.268067,1.026887,0.974983,1.310999,-0.695995,0.614304,-0.588877,0.947437,1.043760,0.231617,1.163490,-1.883903,0.653070,0.322280,-0.635392,0.238240,-0.600507,0.519043,-1.595202,-1.398721,-1.289520,-1.780301,-0.995595,0.757156,-0.761722,-1.279268,-2.099924,1.294464,0.709836,-1.182291,1.276625,-0.655137,-1.488471,-1.031753,-1.045384,0.157993,-0.920231,1.397557,-1.847963,-0.714101,-1.788900,0.846520,-1.741074,-0.691086,-0.760051,0.795739,-0.660725,0.271948,-0.819539,-0.582301,-0.569362,-1.321564,-1.048279,1.019005,-0.607305,0.893917,1.134480,-1.470699
1.303649,-0.318169,-1.350217,0.066226,1.339070,1.283038,1.298065,0.394478,-0.389167,0.811364,-0.699158,1.385543,1.318442,0.364563,-1.218330,1.376630,-1.664483,1.393869,1.156641,-0.683634,-1.206123,0.946993,-0.693466,2.005263,0.437276,1.284961,-0.442048,0.403146,1.277753,-0.004151,0.947976,-0.459026,-1.173473,-1.220741,1.636897,1.381028,0.774381,0.242964,-2.626272,-0.998127,-0.483031,1.662606,1.538074,-0.588801,-0.078787,0.346815,2.381702,0.396988,0.769396,1.140924,0.637592,-0.735724,-0.002228,0.702260,1.201188,-1.000420,0.830026,0.929398,0.274076,0.666140,1.273260,-1.878545,0.692215,-0.173442,-0.484125,0.217651,-1.559154,1.743667,1.172349,0.216511,-0.852173,-0.256711,-0.005740,0.551596,-0.870257,-0.666072,-1.180351,-1.684518,0.156995,-0.689364,0.951145,-1.094232,0.406582,-0.502150,0.096000,-0.158562,-0.407919,0.485904,-0.778736,-0.566528,0.058310,-0.681866,0.559359,-1.369854,0.395958,0.858758,0.837714,-0.528442,-0.536919,-0.336895,-0.946824,1.490795,0.016657,0.948212,0.450203,0.321944,1.299352,-1.122237,-0.332375,0.456355,-0.429893,-0.584364,-1.745348,0.108509,1.343547,-1.098069,-0.389813,-0.569187,0.371860,-0.123511,-0.504012,2.053051,0.377169,-0.515346,-1.181096,-0.930641,0.639042,-0.286543,1.385049,0.599196,-0.870783,0.686144,0.115623,-0.462409,0.909216,0.350977,1.642146,-0.762995,-0.889870,0.126004,0.535916,-0.658800,-0.568976,-1.634992,0.820385,0.944643,-0.666167,1.512957,0.182850,0.312145,0.563362,0.720925,1.569424,-1.883903,-1.041131,1.066704,-0.035332,1.023792,2.253107,0.416349,-0.122857,0.556470,-0.443927,0.570411,-0.995595,0.702634,0.842812,-0.794819,-1.087780,0.733702,-1.816545,-0.447504,-0.933451,-0.099718,-0.541211,-0.769862,1.410669,0.022381,-0.410254,-0.101247,-0.547529,-0.069392,-0.795289,0.680453,0.314227,0.519483,1.242649,0.688833,1.930158,-0.277272,-0.819539,-0.400385,-0.569362,0.444203,-0.865700,0.059203,-0.006145,-1.712089,0.078817,-0.662893
1.371903,0.544849,-1.496506,0.513228,1.396115,1.292640,1.385264,-1.827046,1.264697,1.078364,-0.699158,1.331028,1.421636,-1.697438,-1.218330,1.442108,0.318631,1.377386,1.342958,-0.683634,-0.770371,-1.183364,1.243131,-0.615859,-1.695873,1.380899,-0.168251,0.456913,-0.689117,0.363145,-1.165052,1.365723,-1.173473,0.798610,0.944929,1.313524,-1.109247,0.167272,0.803859,0.825480,-1.331618,0.965237,0.235111,1.084517,-0.982644,0.542780,-0.351774,1.285128,-0.351848,1.216460,1.006287,-0.735724,0.329162,0.859992,0.608451,1.597941,-0.231085,-0.934783,-1.518758,0.668751,1.323024,0.404479,-1.236331,-0.660005,-0.484125,-5.628052,0.545654,-1.002664,-0.842908,0.706946,-0.352041,0.212860,-0.075255,1.757097,-0.692099,0.070777,0.635343,0.773520,0.307068,1.754564,0.939368,1.752295,0.391957,-0.502150,-0.920017,0.645664,-0.519586,0.742114,1.572827,1.225908,-0.945601,0.583337,-3.393370,0.270979,0.951834,1.578582,-1.099105,-0.758717,-0.142402,1.955049,-0.946824,-1.638926,0.308224,0.976457,-0.936314,-1.073927,1.407868,-0.049880,-0.133030,0.237293,0.282686,0.918092,1.785073,0.605725,-0.989616,-2.596826,-0.389813,-0.569187,0.721441,0.546329,-0.504012,-0.512365,1.038735,-0.026957,-1.665886,0.680381,-1.516953,-0.615681,-0.717022,0.795996,0.846243,1.068669,-1.048725,-0.328276,1.649656,0.564630,-1.221769,-0.657361,1.093505,0.576018,-0.889443,-0.658800,1.533637,1.135923,-0.345615,1.020901,-0.577517,-0.708947,-1.195715,1.555290,0.009122,-1.710670,-1.416852,0.799161,-1.041131,0.515321,0.178453,-0.993651,-0.600507,0.356651,-0.437863,3.079104,1.841680,-0.945572,-0.995595,1.151826,-0.761722,0.706839,-0.509333,0.162361,0.150016,-0.224097,-0.933451,-1.112105,-0.715361,1.193430,0.841921,0.052549,1.565845,-1.437248,-0.451438,-0.814455,-0.284060,0.615984,0.842068,-2.088822,-1.076218,0.632276,-1.129705,-1.812543,-0.819539,-0.806068,-0.569362,0.822278,-0.518488,-1.699781,0.421327,0.130185,0.234558,0.218277
-0.712946,0.488209,0.613685,0.302078,-0.688791,-0.774113,-0.676377,-2.062719,-1.088114,1.199841,-0.699158,-0.663453,-0.638101,-1.766539,0.156821,-0.810305,0.956486,-0.777366,-0.684381,-0.683634,-0.143442,0.420175,-0.693466,-0.615859,-1.695873,-0.712230,-0.118655,0.214667,0.500647,0.840781,0.379509,1.334583,0.553311,-0.480050,-0.610219,-0.720825,0.864888,-1.722848,-2.634515,0.483048,-1.331618,0.997265,1.082181,1.333569,-0.756384,0.114424,-0.351774,-1.152550,-0.891007,-1.019904,0.794704,-0.735724,0.665281,-1.552062,0.449813,1.384193,-0.130390,-0.493357,0.257449,0.292192,-0.727400,-1.878545,0.484866,0.715204,-0.484125,-0.002452,0.005217,0.401244,1.286718,0.270981,-0.922776,-0.326059,-1.519042,-0.772422,-1.138654,-0.054414,1.087543,0.272146,-0.266633,1.411979,0.215471,-0.545279,0.415243,-0.502150,-0.099812,-1.641738,-0.304950,0.359051,1.107691,1.213247,0.996554,1.640729,0.125569,-1.369854,0.136341,1.331036,0.361176,0.717927,0.183680,-0.372334,0.167398,0.052070,1.610761,0.289252,-0.419652,-1.073927,-0.846679,-0.669916,-1.049033,0.839264,0.183751,1.420417,-0.153618,0.027162,-0.013346,-0.690919,-0.389813,-0.569187,0.592620,-1.804874,-0.504012,-0.512365,0.321116,2.155771,-0.439164,0.638524,-1.068075,-0.825960,0.174918,0.655661,1.176177,0.769127,-0.488549,-0.381641,0.732860,0.479619,-0.024807,-0.849075,0.989103,1.042210,0.276292,-0.658800,0.678603,-0.148808,0.349880,-1.043704,-0.038459,-0.225046,-0.850534,-0.381945,0.567946,0.307937,0.517168,-0.034707,-1.041131,0.468580,0.139648,0.008736,-0.600507,1.068451,1.762722,-0.526576,-0.439090,-0.073818,1.081131,0.207336,-0.761722,-0.477507,-0.018146,-1.545215,-0.987169,-0.120226,0.983761,-1.166904,-1.367898,1.020894,0.923367,0.072525,-0.472986,-0.795615,-0.101218,-0.877000,-0.007161,0.359764,0.817384,-1.321113,-0.123449,0.965476,-0.518879,-0.131636,-0.144469,-0.116238,-0.569362,0.371239,-0.173204,-0.749338,0.001791,-0.560361,0.126983,-0.590947
-0.633228,0.405614,0.807315,0.161800,-0.907763,-0.774113,-0.745841,0.960756,-1.088114,-0.932860,1.254675,-0.952215,-0.592591,1.071597,0.872052,-0.580071,0.024073,-1.049936,-0.450834,1.463177,0.426649,-1.079354,-0.693466,-0.615859,1.002182,-0.688247,0.946192,0.465005,2.023284,0.533781,-1.090814,-0.632011,-1.173473,0.370296,1.622312,-0.720825,-1.109247,0.825442,0.423653,-1.642711,-1.331618,-0.994349,0.056293,-0.763879,0.674416,0.469265,-0.351774,1.341623,-0.353607,-0.452863,0.146264,2.542126,0.145221,0.654277,1.402081,-0.601135,1.526142,-1.544596,1.041330,0.656268,-0.727400,0.753781,-1.236331,-1.108151,-0.484125,-0.019811,0.102515,-0.820984,1.383510,0.203472,0.759697,-0.043439,1.134894,1.185047,1.507750,0.546318,-1.180351,0.713953,-0.531853,2.063736,-0.227503,0.011971,0.362817,-0.502150,-0.988160,-1.641738,-0.028854,0.046126,1.444025,-0.563516,-0.950120,-1.582452,-0.123268,-1.369854,0.460102,0.647821,-1.232603,0.699117,-0.292911,-0.398858,1.309032,-1.149034,1.282475,-0.448283,0.137152,-1.073927,-0.544632,-0.099423,-1.049033,0.332547,0.291800,-0.442167,1.079678,0.767173,-1.065225,-0.524432,-0.389813,1.160981,0.582681,0.325205,-0.504012,2.558007,0.078951,0.078424,0.214439,-0.380353,0.754365,0.409883,-0.987169,0.016279,-0.870783,-0.437765,-1.036265,0.279799,0.592176,0.273577,-0.867204,0.935490,0.198272,0.717055,-1.115240,-0.658800,-0.299209,0.971501,-0.183444,1.227115,-0.451545,-0.686286,0.922145,0.623827,0.227386,-1.710670,-0.343071,-1.883903,0.517876,0.968516,-0.234779,-1.418943,-0.600507,0.272507,-0.207585,-0.010970,-0.961651,-1.050906,-0.995595,0.666152,1.859657,-0.054970,-0.127699,-1.545215,-1.816545,-0.395474,-0.933451,2.120280,0.980217,-0.251796,-0.275417,0.397259,-0.680811,0.552518,-0.694823,1.265913,-0.381471,-0.168461,-1.741074,-0.829029,-0.827251,-0.296398,-0.485044,0.552126,0.009713,-1.042717,-0.569362,0.767387,-0.318015,0.448138,0.231438,1.146749,0.892083,-1.147563
